Source,Sitename,KA.young,KA.old,date.citation,Arch,Lat,Long,Descr.,Species.attribution,Single.Chain,PU.RM,PU.facetting,PU.faceshaping.rad.,PU.lat.trimming,PU.dist.trimming,PU.back.shaping,PU.cresting,PU.debord,PU.overshot,PU.kombewa,PU.tablet,PU.abrasion,PU.overhang,PU.hard.hammer.percussion,PU.use.of.hand.to.support.percussed.object,PU.use.of.anvil.to.support.percussed.object,PU.core.rotation,PU.Soft,PU.indirect,PU.Flaking.through.pressure,PU.pecking,PU.invasive,PU.ochre,PU.asphalt,PU.retouch,PU.backing,PU.notching,PU.burin,PU.tang,PU.tranchet,PU.rt.bif,PU.rt.invasive,PU.rt..pressure.flake
Moore 2003,Georgina River Bridge Site,0.001,1,Based on earliest evidence of large blades at other sites in region,1,-19.94479559,138.1322241,Camooweal sharktooth method,H. sapiens,Yes,0,1,0,0,0,0,0,1,1,0,0,0,1,1,1,0,1,0,0,0,0,1,0,0,1,0,0,0,0,0,0,0,0
Moore 2003,Georgina River Bridge Site,0.001,1,Based on earliest evidence of large blades at other sites in region,1,-19.92419924,138.10589,Camooweal standard method,H. sapiens,Yes,0,0,0,0,0,0,0,1,1,0,0,0,1,1,1,0,1,0,0,0,0,1,0,0,1,0,0,0,0,0,0,0,0
Moore 2003,Georgina River Bridge Site,0.001,1,Based on earliest evidence of large blades at other sites in region,1,-19.94402043,138.118693,All blade techs,H. sapiens,No,0,1,0,0,0,0,0,1,1,0,0,0,1,1,1,1,1,0,0,0,0,1,0,0,1,1,1,0,0,0,0,0,0
Barzilai and Goring-Morris 2010,Kfar HaHoresh,11,12.2,,1,32.59188801,35.27595567,Naviform reduction producing blades that are made into amuq points. ,H. sapiens,Yes,1,0,0,0,1,1,1,1,1,0,1,1,1,1,1,0,1,0,0,0,0,1,0,0,1,0,0,0,1,0,0,1,1
Barzilai and Goring-Morris 2010,Kfar HaHoresh,11,12.2,,1,32.7146632,35.28969108,All techniques reporte,H. sapiens,No,1,0,0,0,1,1,1,1,1,0,1,1,1,1,1,0,1,0,0,0,0,1,0,0,1,1,1,1,1,0,1,1,1
Stout et al. 2010,EG12,2500,2600,Stout et al. 2010,1,11.2092078,40.60793788,Oldowan pebble cores with rotation. ,?,Yes,0,0,0,0,0,0,0,0,0,0,0,0,0,1,1,0,1,0,0,0,0,1,0,0,0,0,0,0,0,0,0,0,0
Stout et al. 2010,EG12,2500,2600,Stout et al. 2010,1,11.11470906,40.41206817,Oldowan pebble cores without rotation. ,?,Yes,0,0,0,0,0,0,0,0,0,0,0,0,0,1,1,0,0,0,0,0,0,1,0,0,0,0,0,0,0,0,0,0,0
Stout et al. 2010,EG12,2500,2600,Stout et al. 2010,1,11.15306629,40.64935616,All reduction sequences,?,No,0,0,0,0,0,0,0,0,0,0,0,0,0,1,1,0,1,0,0,0,0,1,0,0,0,0,0,0,0,0,0,0,0
Hogberg et al. 2011,Hollow Rockshelter,72,80,,1,-32.07983253,19.08535133,Unifacial Still bay points. Bifacially flaked predominately shaped by freehand hard hammer percussion but in late stages there's retouch to form the tang and some of that retouch is invasive and pressure flaked. ,?,Yes,0,0,0,0,0,0,0,0,0,0,0,0,0,1,1,0,1,0,0,0,0,1,0,0,1,0,0,0,1,0,0,1,1
Sorensen 2004,Itinnera,3,4.4,,1,64.28214437,-50.79293337,Arctic small tool tradition at Saqqaq. Burins made on little bifaces. hafted. burin spalls taken through pressure. ,H. sapiens,Yes,0,0,0,0,0,1,0,0,0,0,0,1,0,1,1,0,1,0,0,0,0,0,0,0,0,0,0,1,1,0,1,1,1
Villa et al. 2010,Klasies cave 1A lower HP,53,68.1,Jacobs et al. 2008a. sample ZKR10 and Tribolo 2003 TL on heated quartzites. ,1,-33.99833895,24.38525502,Howieson's poort backed pieces on blade segments made from blades produced on hierarchical cores displayed in fig 16 and 15. And supp fig 5. characteristic of HP D sample Upper and lower. ,?,Yes,0,1,1,0,0,0,1,1,0,0,1,1,1,1,1,0,1,1,0,0,0,1,0,0,1,1,0,0,0,0,0,0,0
Villa et al. 2010,Klasies cave 1A lower HP,53,68.1,Jacobs et al. 2008a. sample ZKR10 and Tribolo 2003 TL on heated quartzites. ,1,-34.20064093,24.38044165,all HP tech described. nothing from MSAiii.,?,No,0,1,1,0,0,0,1,1,0,1,1,1,1,1,1,0,1,1,0,0,0,1,0,0,1,1,1,0,0,0,0,0,0
Villa et al. 2010,Klasies cave MSA III deacon exc.,50,60,Feathers 2002 L sample UW 201. and Tribolo 2003 TL heated quartzites,1,-34.07379886,24.39588804,MSA III materials. all,?,No,0,1,0,0,1,0,1,1,0,0,0,0,1,1,1,0,1,0,0,0,0,1,0,0,1,1,1,1,0,0,0,0,0
Tryon et al. 2006,Kapthurin LHA FS,284,509,,1,0.598558367,35.9837533,Early Levallois at Kapthurin LHA fig. 3. Centripetally prepared preferential cores with ventral thinning. ,?,Yes,0,1,1,0,0,0,0,0,0,1,0,0,0,1,1,0,1,0,0,0,0,1,0,0,1,0,0,0,0,0,0,0,0
Tryon et al. 2006,Kapthurin LHA FS,284,509,,1,0.587322663,35.97792068,Whole assemblage,?,No,0,1,1,0,1,0,0,0,0,1,1,0,0,1,1,0,1,0,0,0,0,1,0,0,1,0,0,0,0,0,1,1,0
Tryon et al. 2006,Koilomot locus 2,200,250,,1,0.504712196,35.97620137,Kapthurin preferential hierarchical flake cores. fIG 4 Core C. Prepared through debordante removals distal convexities managed by distal flakes no lateral trimming though its common on other cores. No mention of platform abrasion or overhang trimming. No retouch in Koilomot locus 2 either. ,?,Yes,0,1,0,0,1,0,0,1,0,0,0,0,0,1,1,0,1,0,0,0,0,1,0,0,0,0,0,0,0,0,0,0,0
Tryon et al. 2006,Koilomot locus 2,200,250,,1,0.636058555,35.97462928,Whole assemblage,?,No,0,1,1,0,1,0,0,1,0,0,0,0,0,1,1,0,1,0,0,0,0,1,0,0,0,0,0,0,0,0,0,0,0
Goren-Inbar et al. 2008,Gesher Benot Ya'aqov,760,860,Need to double check An Acheulian biface assemblage from Gesher Benot Ya'aqov Israel: indications of African affinities,1,33.04899251,35.52389667,Scrapers on massive flakes,?,Yes,0,0,0,0,0,0,0,0,0,0,0,0,0,1,1,0,1,0,0,0,0,0,0,0,1,0,0,0,0,0,0,0,0
Goren-Inbar et al. 2008,Gesher Benot Ya'aqov,760,860,Need to double check An Acheulian biface assemblage from Gesher Benot Ya'aqov Israel: indications of African affinities,1,32.92078046,35.98440836,Handaxes from kombewa flakes and only handaxes,?,Yes,0,0,0,0,0,0,0,0,0,1,0,0,0,1,1,0,1,0,0,0,0,0,0,0,0,0,0,0,0,0,1,0,0
Goren-Inbar et al. 2008,Gesher Benot Ya'aqov,760,860,Need to double check An Acheulian biface assemblage from Gesher Benot Ya'aqov Israel: indications of African affinities,1,32.96280964,35.0770594,Whole assemblage,?,No,0,0,1,0,0,0,0,0,0,1,0,0,0,1,1,0,1,0,0,0,0,1,0,0,1,0,0,0,0,0,1,0,0
Li et al. 2017, Canteen Koppie,800,1100,,1,-28.49517912,24.53959346,Victoria west type 1 cleaver. Hoenderbek core is centripetally prepared with one preferential removal taken. No retouch afterwards. ,?,Yes,0,1,1,0,0,0,0,0,0,0,0,0,0,1,1,0,1,0,0,0,0,1,0,0,0,0,0,0,0,0,0,0,0
Pleurdeau 2006,Porc epic,60,80,,1,9.509334136,41.90153067,Bifacially retouched points that are unidirectionally flaked made on first scheme cores  that are centripetally prepared  (like Fig. 5.1) fig. 8.,H. sapiens,Yes,0,1,1,0,0,0,0,1,0,0,0,0,0,1,1,0,1,1,0,0,0,1,0,0,0,0,0,0,1,0,1,1,0
Pleurdeau 2006,Porc epic,60,80,,1,9.532262551,41.87422173,Scheme 4 blade production where core is prepped with crested blades. Blanks are from bidirectional reduction. Those blanks are backed to form backed pieces. ,H. sapiens,Yes,0,0,0,0,1,0,1,1,0,0,0,0,0,1,1,0,1,0,0,0,0,1,0,0,1,1,0,0,0,0,0,0,0
Pleurdeau 2006,Porc epic,60,80,,1,9.493041938,41.88181137,whole assemblage,H. sapiens,No,0,1,1,0,1,0,1,1,0,0,0,0,0,1,1,0,1,1,0,0,0,1,0,0,1,1,1,0,1,0,1,1,0
Harmand et. al. 2015,Lomekwi 3,3210,3330,,1,3.758121225,35.71861275,Bipolar unifacial core (LOM3-2012-H18-1 3.45 kg) bipolar technique.†Extended Data Fig. 6b¬†for more details.,?,Yes,0,0,0,0,0,0,0,0,0,0,0,0,0,1,0,1,1,0,0,0,0,0,0,0,0,0,0,0,0,0,0,0,0
Harmand et. al. 2015,Lomekwi 3,3210,3330,,1,3.754465532,35.7510809,whole assemblage,?,No,0,0,0,0,0,0,0,0,0,0,0,0,0,1,0,1,1,0,0,0,0,0,0,0,0,0,0,0,0,0,0,0,0
Delagnes and Roche 2005,Lokalalei 2c,2290,2390,,1,3.930278981,35.78408422,Lokalalei 2c Fig. 6. Refitting group 2 (8 items).,?,Yes,0,0,0,0,0,0,0,0,0,0,0,0,0,1,1,0,1,0,0,0,0,0,0,0,1,0,0,0,0,0,0,0,0
Delagnes and Roche 2005,Lokalalei 2c,2290,2390,,1,3.891740912,35.76898032,Whole assemblage,?,No,0,0,0,0,0,0,0,0,0,0,0,0,0,1,1,0,1,0,0,0,0,0,0,0,1,0,0,0,0,0,0,0,0
Plummer and Bishop 2016,Kanjera,1950,2300,Plummer et al. 2009. oldest evidenceof toolmaking hominins in a grassland dominated ecosystem,1,0.372988608,34.5347578,Kanjera retouched flakes from centripetal cores Fig 2,?,Yes,0,0,0,0,0,0,0,0,0,0,0,0,0,1,1,0,1,0,0,0,0,1,0,0,0,0,0,0,0,0,0,0,0
Plummer and Bishop 2016,Kanjera,1950,2300,Plummer et al. 2009. oldest evidenceof toolmaking hominins in a grassland dominated ecosystem,1,0.323151164,34.54391812,Whole assemblage,?,No,0,0,0,0,0,0,0,0,0,0,0,0,0,1,1,0,1,0,0,0,0,1,0,0,0,0,0,0,0,0,0,0,0
Diez-Martin et al. 2009,Olduvai Bed II BK,1645,1805,McHenry et al. 2018. Figure 2,1,-2.964758038,35.34885668,Olduvai Bed II Bifacial multipolar centripetal hierarchized cores from BK 3. Look like recurrent centripetal levallois. ,?,Yes,0,1,0,0,0,0,0,0,0,0,0,0,0,1,1,0,1,0,0,0,0,1,0,0,1,0,0,0,0,0,0,0,0
Diez-Martin et al. 2009,Olduvai Bed II BK,1645,1805,McHenry et al. 2018. Figure 2,1,-3.029338703,35.37267945,Hierarchized cores and bipolar reduction. ,?,No,0,1,0,0,0,0,0,0,0,0,0,0,0,1,1,1,1,0,0,0,0,1,0,0,1,0,0,0,0,0,0,0,0
Isaac 1977,Olorgesaillie,500,1200,,1,-1.650204502,35.99077895,Olorgesaillie Biface with invasive scarring. Plate 59. Tr. Tr. 140-150 floor. ,?,Yes,0,0,0,0,0,0,0,0,0,0,0,0,0,1,1,0,1,0,0,0,0,1,0,0,0,0,0,0,0,0,1,0,0
Clark 1971,Starr Carr,10.4,10.7,,1,54.17405651,-0.406907335,backed and burinated bladelets from bladelet cores rejuvinated through debordante ,H. sapiens,Yes,0,0,0,0,0,0,0,1,0,0,1,1,1,1,1,0,1,0,0,0,0,1,0,0,1,1,0,1,1,0,0,0,0
Barzilai and Ashkenazy 2015,Nahal Sekher VI,11.8,13.6,,1,31.22382691,34.89865207,bifacially Backed lunates made on mbt bladelets struck from single platform cores like those illustrated in figure 15. Though we code facetting as present given their description in the text and in core figure 16.  Rejuvinated with tablets and established with crested bladelets. no debordantes,H. sapiens,Yes,0,1,0,0,0,0,1,0,1,0,1,0,1,1,1,1,1,0,0,0,0,1,0,0,0,1,1,1,0,0,1,0,0
Barzilai and Ashkenazy 2015,Nahal Sekher VI,11.8,13.6,,1,31.18178248,34.88240073,Whole assemblage,H. sapiens,No,0,1,0,0,0,0,1,0,1,0,1,0,1,1,1,1,1,0,0,0,0,1,0,0,1,1,1,1,0,0,1,0,0
Stout et al. 2014,Boxgrove,478,524,,1,50.9026318,-0.679600258,Handaxes with tranchet sharpening knapped with hard and softhammers.Platforms are prepared through facetting but little sign of abrasion and microchipping.,H. heidelbergensis,Yes,0,1,0,0,0,0,0,0,0,0,0,0,0,1,1,0,1,1,0,0,0,1,0,0,0,0,0,0,0,1,1,1,0
Pasda 2017,Munzingen,18,20,,1,48.05773992,7.693459461,Blades from prepared unidirectional blade cores with nflksrfc prepared platform and face shaped. including microchipping. Fashioned into burinated and retouched pieces. Fig 2. 11 fig 6. 1.Overall not a full description of the reductions equence but rich description of the kinds of artifacts present and some of their relationships. ,H. sapiens,Yes,0,0,0,0,1,1,0,1,0,0,0,0,1,1,1,0,1,0,0,0,0,1,0,0,1,0,0,1,0,0,0,0,0
Pasda 2017,Munzingen,18,20,,1,48.09825658,7.68280573,Whole assemblage,H. sapiens,No,0,0,0,0,1,1,1,1,0,0,0,0,1,1,1,0,1,0,0,0,0,1,0,0,1,1,1,1,0,0,0,0,0
Hahn and Owen 1985 ,Geissenklosterle Cave Aurignacian,38.7,41.7,Richter et al. 2000 Thermoluminescence‚Ä¶. JAS,1,48.30296531,9.783980104,Aurignacian blade cores in figure 2. Most coding based on description of tech.,H. sapiens,Yes,0,0,0,0,0,0,1,0,0,0,1,0,1,1,1,0,1,1,0,0,1,1,0,0,1,0,0,0,0,0,0,0,0
Hahn and Owen 1985 ,Geissenklosterle Cave Aurignacian,38.7,41.7,Richter et al. 2000 Thermoluminescence‚Ä¶. JAS,1,48.4449032,9.736745758,Whole assemblage,H. sapiens,No,0,1,0,0,0,0,1,0,0,0,1,0,1,1,1,0,1,1,0,0,1,1,0,0,1,0,0,0,0,0,0,0,0
Hahn and Owen 1985 ,Geissenklosterle Cave Gravettian,28.75,29.25,Richter et al. 2000 Thermoluminescence‚Ä¶. JAS,1,48.44539598,9.776872051,Gravettian blade cores. Most coding based on description. ,H. sapiens,Yes,0,1,0,0,0,1,1,1,0,0,1,1,1,1,1,0,1,0,1,0,1,1,0,0,1,0,0,1,0,0,0,0,0
Hahn and Owen 1985 ,Geissenklosterle Cave Gravettian,28.75,29.25,Richter et al. 2000 Thermoluminescence‚Ä¶. JAS,1,48.40333334,9.802604104,Whole assemblage,H. sapiens,No,0,1,0,0,0,1,1,1,0,0,1,1,1,1,1,0,1,0,1,0,1,1,0,0,1,0,0,1,0,0,0,0,0
Aubrey et al. 2008,Maitreaux ,19,21,,1,46.75114736,0.936625384,Solutrean points on cobble blanks,H. sapiens,Yes,0,1,0,0,0,0,0,0,1,0,0,1,1,1,1,0,1,1,0,1,0,1,0,0,0,0,0,0,1,0,1,1,1
Gallotti 2013,Garba Ivd,1458,1918,,1,8.617386778,38.58594986,Retouched flakes from centripetally prepared cores. flakes with facetted butts. retouched. ,?,Yes,0,1,1,0,0,0,0,0,0,0,0,0,0,1,1,0,1,0,0,0,0,1,0,0,1,0,0,0,0,0,0,0,0
Gallotti 2013,Garba Ivd,1458,1918,,1,8.807054686,38.60581125,Whole assemblage including flakes that are retouched to notches/scrapers as well as lct,?,No,0,1,1,0,0,0,0,0,0,0,0,0,0,1,1,0,1,0,0,0,0,1,0,0,1,1,1,0,0,0,1,0,0
Conard and Adler 1997,Wallertheim West Concentration,92,105,Conard et al. new geological research at the Middle Paleolithic Locality of Wallertheim in Rheinhessen 1995 ,1,49.84380263,8.066092719,Unidirectional blade production where blades are retouched and burinated. On gray andesite figure 11. Figure 10. discussion in160-,H. neanderthalensis,Yes,0,1,0,0,0,0,0,1,0,0,1,0,0,1,1,0,1,0,0,0,0,1,0,0,1,1,0,1,0,0,0,0,0
Conard and Adler 1997,Wallertheim West Concentration,92,105,Conard et al. new geological research at the Middle Paleolithic Locality of Wallertheim in Rheinhessen 1995 ,1,49.76997017,8.056404813,Whole assemblage,H. neanderthalensis,No,0,1,0,0,0,0,0,1,0,0,1,0,0,1,1,0,1,0,0,0,0,1,0,0,1,1,0,1,0,0,0,0,0
Torre et al. 2008,RHS-Mugulud Peninj,1100,1500,,1,-2.385975604,35.91940191,Large cutting tool on flake that is retouched through rough facconage. ,?,Yes,0,1,0,0,0,0,0,0,0,0,0,0,0,1,1,0,1,0,0,0,0,1,0,0,0,0,0,0,0,0,1,0,0
Torre et al. 2008,RHS-Mugulud Peninj,1100,1500,,1,-2.263137476,35.91995365,Whole assemblage,?,No,0,1,0,0,0,0,0,0,0,0,0,0,0,1,1,0,1,0,0,0,0,1,0,0,1,0,0,0,0,0,1,0,0
Villa et al. 2016,Torre in Pietra level M,331,359,,1,42.28171035,11.74922195,Large cutting tool on a limestone cobble. Figure P. pigorini museum catalogue number 184769,?,Yes,0,0,0,0,0,0,0,0,0,0,0,0,0,1,1,0,1,0,0,0,0,1,0,0,0,0,0,0,0,0,1,0,0
Villa et al. 2016,Torre in Pietra level M,331,359,,1,42.30343508,11.774881,Whole assemblage,?,No,0,0,0,0,0,0,0,0,0,0,0,0,0,1,1,0,1,0,0,0,0,1,0,0,1,1,1,0,0,0,1,0,0
Villa et al. 2016,Torre in Pietra level D,240,270,,1,42.27041015,11.69882027,Levallois flaking no parallel unidirectional,?,Yes,0,1,1,0,0,0,0,1,0,0,0,0,0,1,1,0,1,0,0,0,0,1,0,0,0,0,0,0,0,0,0,0,0
Villa et al. 2016,Torre in Pietra level D,240,270,,1,42.31101618,11.73992147,Whole assemblage,?,No,0,1,1,0,0,0,0,1,0,0,0,0,0,1,1,1,1,0,0,0,0,1,0,0,1,1,1,0,0,0,1,0,0
Gilbert et al. 2016,Hugub KK51,500,600,,1,9.835661385,40.09917254,Large cutting tool on a flake. invasive removals. lots of retouch. Facetted butt. likely from prepared core but that part of the chain operatoire was not here. ,?,Yes,0,1,0,0,0,0,0,0,0,0,0,0,0,1,1,0,1,0,0,0,0,1,0,0,0,0,0,0,0,0,1,0,0
Gilbert et al. 2016,Hugub KK51,500,600,,1,9.723068045,40.09503631,Whole assembladge,?,No,0,1,0,0,0,0,0,0,0,0,0,0,0,1,1,1,1,0,0,0,0,1,0,0,1,1,1,0,0,0,1,0,0
Texier 1995,NY 18 Nyabusosi,1500,2000,,1,0.920518921,30.30666582,Oldowan flake production on prepared radial cores with some evidence for debordante removals. While retouch is described in the paper it isn't clear if the prepared core flakes were retouched. ,?,Yes,0,1,1,0,0,0,0,1,0,0,0,0,0,1,1,0,1,0,0,0,0,1,0,0,0,0,0,0,0,0,0,0,0
Texier 1995,NY 18 Nyabusosi,1500,2000,,1,0.964876126,30.34345892,Whole assemblage,?,No,0,1,1,0,0,0,0,1,0,0,0,0,0,1,1,0,1,0,0,0,0,1,0,0,1,1,1,0,0,0,0,0,0
Schimelmitz et al. 2011,Qesem Cave,194,420,Gopher et al. 2010. chronology of late lower pal. in Quaternary Geochron. ,1,31.93370714,34.9704577,Systematic blade production from core prepared with a crest rejuvinated with tablets face is shaped with debordantes. Distal convexities managed with overshot flaking.  Where the product is retouched and burinated.  Based on figure 11. number 4 a prismatic core. ,?,Yes,0,1,0,0,0,0,1,1,1,0,1,0,0,1,1,0,1,0,0,0,0,1,0,0,1,1,0,1,0,0,0,0,0
Barkai et al. 2005 and Barzilai et al. 2011,Qesem Cave,194,420,Gopher et al. 2010. chronology of late lower pal. in Quaternary Geochron. ,1,32.0665277,34.98348617,Whole assemblage blades and bifaces. Nahr Ibrahim tech. NO levallois. ,?,No,0,1,0,0,0,0,1,1,1,1,1,0,0,1,1,0,1,0,0,0,0,1,0,0,1,1,1,1,0,0,1,1,0
Chazan 2001a,La Farressie,26.7,28.7,,1,44.87929346,0.884402172,Bladelet production on a blade whose face is shaped and is invasively flaked. Figure 3. Vachons burin production method. The initial steps of the blade core production are not fully described the platforms are described as well prepared but not specified about whether this involves facetting abrasion. Cresting is present in early stages but in lateral form. ,H. sapiens,Yes,0,0,0,0,1,0,1,0,0,0,0,0,0,1,1,0,1,1,0,0,0,1,0,0,1,1,1,1,0,0,0,1,0
Fernandez 2005,Cueva Morin levels 9-10,35,38,,1,43.35916758,-3.896822075,Blade/ Bladelet production on prismatic cores,H. sapiens,Yes,0,1,0,0,1,0,1,1,0,0,1,1,1,1,1,0,1,0,0,0,0,1,0,0,1,0,0,1,0,0,0,0,0
Chazan 2001b,Hayonim cave level D. ,21,30,,1,32.89928631,35.28076855,Bladelet production on endscraper on a flake. notched to manage lateral convexities and narrow working surface. step 4 include debordante removals. ,H. sapiens,Yes,0,0,0,0,0,0,1,0,0,0,0,0,0,1,1,0,1,0,0,0,0,1,0,0,1,1,1,0,0,0,0,0,0
Clarkson et a. 2015,Ka'eo quarry,0.2,0.6,,1,21.17168095,-157.1848414,Quadrangular adze production on flake.   ,H. sapiens,Yes,0,1,0,1,1,0,1,0,1,0,0,1,0,1,1,1,1,1,0,0,0,1,0,0,0,0,0,0,1,1,1,1,0
Clarkson et a. 2015,Ka'eo quarry,0.2,0.6,,1,21.30398604,-157.2062392,Whole assemblage (only adze prod).,H. sapiens,No,0,1,0,1,1,0,1,0,1,0,0,1,0,1,1,1,1,1,0,0,0,1,0,0,0,0,0,0,1,1,1,1,0
Malinsky-Buller et al. 2014,Ein Qashish,55,65,,1,32.73955054,35.07102206,Blades/bladelets from narrow fronted single platform cores. As in figure 5. With abraded and microchiped platforms. Retouch is conservatively assessed by the authors given taphonomic history of site. So I counted only rt as present no more. ,H. neanderthalensis,Yes,0,1,0,0,1,0,1,1,0,0,1,1,1,1,1,0,1,1,0,0,0,1,0,0,1,0,0,0,0,0,0,0,0
Malinsky-Buller et al. 2014,Ein Qashish,55,65,,1,32.60715908,35.08497255,Whole assemblage,H. neanderthalensis,No,0,1,1,1,1,0,1,1,0,1,1,1,1,1,1,0,1,1,0,0,0,1,0,0,1,1,1,1,0,0,1,1,0
Shimelmitz and Kuhn 2013,Tabun IX D,231,283,Mercier et al. 2003. 257 +_ 26,1,32.70109083,34.93118446,"Levallois points from elongated levallois cores through unidirectional convergence method.  Figure 4 shows good example of debordante and facetting plus tablet scars. In text they discuss how distal convexities were sometimes managed from distal removals Debordantes seem to be treated as the same as NBK but not sure. Either way there's discussion of debordants. Really good example of needing a coding system to interpret phrases. ""Maintaining the core‚Äôs distal convexity through intentionally striking over- passing flakes and blades is a delicate business. In some cases small flakes also were removed from the end of the core opposite the main striking platform to help maintain the required distal convexity of core faces.""",?,Yes,0,1,0,0,1,0,0,1,0,0,1,0,1,1,1,0,1,0,0,0,0,1,0,0,1,0,0,0,0,0,0,0,0
Spinapolice et al. 2014,Jebel Gharbi SJ-00-58A,27,85,,1,31.99294674,12.01301276,Aterian tanged flakes made on blade cores. This paper is light on the full details but references boeda to indicate that all steps are present. ,H. sapiens,Yes,0,1,0,0,0,0,0,1,0,0,0,0,1,1,1,0,1,0,0,0,0,1,0,0,0,1,0,0,1,0,1,0,0
Groucutt 2014,Tor Faraj,50,70,,1,29.9312407,34.75900402,Levallois points from preferential unidirectional convergent prepared cores. Reported top right of fig 4. Deb. prep of lat margins. overshot of points repreps the distal convexity. Some bidirectional prep /management of disatl convexity that way. Retouch is limited.  no mention of soft. ,?,Yes,0,1,0,0,1,0,0,1,1,0,0,0,1,1,1,0,1,0,0,0,0,1,0,0,1,0,0,0,0,0,0,0,0
Hublin et al. 1987 and Richter et al. 2017,Jebel Irhoud,281,349,Richter et al. 2017,1,32.33158513,-9.222535493,"preferential levallois points lots of preparation trimming of lateral and distal convexities no mention of debordantes no soft hammer percussion. Invasive retouch. removal of butt. Lots of color in the description of the tech. On soft hammer: "" Il n'y a qu'un √©clat pouvant avoir √©t√© d√©bit√© au percuteur tendre... donc il n'y en a pas ! "". No cores. ",H. sapiens,Yes,0,1,1,0,0,0,0,0,0,0,0,0,1,1,1,0,1,0,0,0,0,1,0,0,1,0,0,0,0,0,0,0,0
Wilkins and Chazan 2012,Kathu Pan 1,464,682,,1,-27.56813721,23.01753828,Blades made on levallois cores. retouched,?,Yes,0,1,1,0,0,0,0,1,0,0,0,1,1,1,1,0,1,0,0,0,0,1,0,0,1,0,0,0,0,0,0,0,0
Wilkins and Chazan 2012,Kathu Pan 1,464,682,,1,-27.64095796,23.00285201,Whole,?,No,0,1,1,1,0,0,0,1,0,0,0,1,1,1,1,0,1,0,0,0,0,1,0,0,1,0,0,0,0,0,1,0,0
Coutouly 2017,Amakomanak,9.4,9.6,,1,66.951504,-156.75794,Microblade manufacture. inferred from description in text and based on figure 4. microblade core number 21976. ,H. sapiens,Yes,0,1,0,0,1,1,1,1,0,0,1,1,1,1,1,0,1,0,0,1,0,1,0,0,0,0,0,0,0,0,0,0,0
Wilson et al. 2011,High River,8,9,,1,50.66351438,-113.7973789,Marlan's F1 sequence 1970. Microblade reduction figure 5 core 3 in 2011 text.,H. sapiens,Yes,0,1,0,0,1,1,1,1,0,0,1,0,0,1,1,0,1,1,0,1,0,1,0,0,0,0,0,1,0,0,0,0,0
Wilson et al. 2011,High River,8,9,,1,50.60929852,-113.782873,Whole assemblage only microblade tech,H. sapiens,No,0,1,0,0,1,1,1,1,0,0,1,0,0,1,1,0,1,1,0,1,0,1,0,0,0,0,0,1,0,0,0,0,0
Desrosiers and Gendron 2004,GhGk-63,1.6,2.1,,1,55.31992755,-77.77366168,Microblade manufacture then retouched into point. for example figure 5.5,H. sapiens,Yes,0,1,0,1,0,1,1,1,1,0,1,0,1,1,1,0,1,1,0,1,0,1,0,0,1,1,0,0,1,0,0,0,0
Desrosiers and Gendron 2004,GhGk-63,1.6,2.1,,1,55.15538154,-77.76602013,Whole assemblage,H. sapiens,No,0,1,0,1,0,1,1,1,1,0,1,0,1,1,1,0,1,1,0,1,0,1,0,0,1,1,0,1,1,0,1,1,1
Rankama and Kankaanpaa 2011,Sujula,9.7,10.5,,1,69.87114717,27.29129561,Blade manufacture on carefully prepared blade cores bifacial crest no debordantes mentioned. abrasion and microchipping (described as core edge trimming flakes) of platform are nearly universal. NO flake tech here. core tablets and distal convexity management are common. RT coded as pieces with backing and burination. ,H. sapiens,Yes,0,1,0,0,1,1,1,0,1,0,1,1,1,1,1,1,1,0,1,1,0,1,0,0,1,1,0,1,0,0,0,1,0
Rankama and Kankaanpaa 2011,Sujula,9.7,10.5,,1,69.72141899,27.29990499,Whole assemblage. Blade manufacture on carefully prepared blade cores bifacial crest no debordantes mentioned. abrasion and microchipping (described as core edge trimming flakes) of platform are nearly universal. NO flake tech here. core tablets and distal convexity management are common. ,H. sapiens,No,0,1,0,0,1,1,1,0,1,0,1,1,1,1,1,1,1,0,1,1,0,1,0,0,1,1,0,1,0,0,1,1,0
Paige 2022,Reeve Ranch Ruin,0.6,0.7,,1,32.38340152,-110.4835257,Bipolar percussion of obsidian cobble some of those bipolar flakes are set aside platforms abraded pressure flaked to form arrowheads with tangs. ,H. sapiens,Yes,0,0,0,0,0,0,0,0,0,0,0,1,0,1,1,1,1,0,0,0,0,1,0,0,0,0,0,0,0,0,1,1,1
Paige 2022 and Lagarde and Sand 2013,WKO013A,2.15,3,,1,-21.05790105,164.8818468,Conical and biconical discoid core reduction without platform preparation. Likely soft hammer included. Flakes have removals across ventral and along lateral margins often. ,H. sapiens,Yes,0,0,0,0,0,0,0,0,0,1,0,0,0,1,1,0,1,1,0,0,0,1,0,0,1,1,0,1,0,0,0,0,0
Paige 2022 and Lagarde and Sand 2013,WKO013A,2.15,3,,1,-21.09024364,164.8790644,Whole assembl.,H. sapiens,No,0,0,0,0,0,0,0,0,0,1,0,0,0,1,1,1,1,1,0,0,0,1,0,0,1,1,0,1,0,0,0,1,0
Adler et al. 2014,Nor Geghi 1,304,435,,1,40.26500673,44.58404864,Preferential levallois points made on cores on flakes. Debord is described as present but in my classification these are lateral trimming flakes. Flakes are facetted. The assembalge is heavily patinated and worn so less clear about association between pref levall and retouch. Scrapers are common though/ ,?,Yes,0,1,1,1,0,0,0,0,0,0,0,0,1,1,1,0,1,0,0,0,0,1,0,0,1,1,0,0,0,0,0,0,0
Adler et al. 2014,Nor Geghi 1,304,435,,1,40.23482456,44.59848884,Whole assemblage,?,No,0,1,1,1,0,0,0,0,0,1,0,0,1,1,1,0,1,1,0,0,0,1,0,0,1,1,1,0,0,0,1,1,0
Dietler 2003,China Harbor,0.1,0.8,Dietler 2003:63. also cites Arnold 1987a:184-185,1,33.91110744,-119.6088387,Microblade manufacture on amorphous core.  Figure 7 of Dietler 2003 thesis with bevelled platform preparation. fig 8. on core on flake. ,H. sapiens,Yes,0,1,0,1,0,0,1,0,1,0,0,0,1,1,1,0,1,1,0,1,0,1,0,0,0,0,0,0,0,0,0,0,0
Cassidy et al. 2014,Eel Point early,7.95,8.55,,1,32.61064248,-118.2005715,Wedge shaped microblade core in figure 6a. ,H. sapiens,Yes,0,0,0,1,1,1,0,0,0,0,0,0,0,1,1,0,1,0,0,0,0,1,0,0,1,0,0,1,0,0,0,1,0
Cassidy et al. 2014,Eel Point early,7.95,8.55,,1,32.53519699,-118.1842114,Whole assemblage,H. sapiens,No,0,0,0,1,1,1,0,0,0,0,0,0,0,1,1,0,1,0,0,0,0,1,0,0,1,1,0,1,0,0,0,1,0
Pavlides and Kennedy 2007,GAC Layers 1-3,2,4.4,Kennedy 1983:116 for young date rc for old date reported in this text,1,-2.096655117,147.3611729,discoidal technology with some platform prep of flakes in form of facetting and backing of tools,H. sapiens,Yes,0,1,0,0,0,0,0,0,0,0,0,0,1,1,1,0,1,0,0,0,0,0,0,0,0,1,0,0,0,0,1,0,0
Pavlides and Kennedy 2007,GAC Layers 1-3,2,4.4,Kennedy 1983:116 for young date rc for old date reported in this text,1,-2.067834999,147.38779,Whle assemblage,H. sapiens,No,0,1,0,0,0,0,0,0,0,0,0,0,1,1,1,1,1,0,0,0,0,0,0,0,1,1,1,0,0,0,1,0,0
Pavlides and Kennedy 2007,GFJ,2,4.7,Kennedy 1983:116 for young date rc for old date reported in this text,1,-2.208486974,147.0345098,discoidal technology  and backing of tools,H. sapiens,Yes,0,0,0,0,0,0,0,0,0,0,0,0,1,1,1,0,1,0,0,0,0,0,0,0,0,1,0,0,0,0,1,0,0
Pavlides and Kennedy 2007,GFJ,2,4.7,Kennedy 1983:116 for young date rc for old date reported in this text,1,-2.039104698,147.0656786,Whole assemblage litle ,H. sapiens,No,0,0,0,0,0,0,0,0,0,0,0,0,1,1,1,0,1,0,0,0,0,0,0,0,1,1,1,0,0,0,1,0,0
Braun et al. 2019,Bokol Dora 1,2580,2610,,1,11.26644461,40.86024391,Simple flake production on rotated cores. no platform prep facetting retouch. ,?,Yes,0,0,0,0,0,0,0,0,0,0,0,0,0,1,1,0,1,0,0,0,0,0,0,0,0,0,0,0,0,0,0,0,0
Braun et al. 2019,Bokol Dora 1,2580,2610,,1,11.4188636,40.90382697,Whole assemblage,?,No,0,0,0,0,0,0,0,0,0,0,0,0,0,1,1,0,1,0,0,0,0,0,0,0,0,0,0,0,0,0,0,0,0
Proffitt et al. 2016,Oitenta,0,0.5,,0,NA,NA,Striking of hammers onto anvil/substrate resulting in flake removals. ,S. libidinosus,Yes,0,0,0,0,0,0,0,0,0,0,0,0,0,1,0,0,0,0,0,0,0,0,0,0,0,0,0,0,0,0,0,0,0
Mercader et al. 2006,Noulo,2.5,4.5,,0,NA,NA,hard hammers and used to strike nuts on anvils,P. troglodytes,Yes,0,0,0,0,0,0,0,0,0,0,0,0,0,1,0,1,0,0,0,0,0,0,0,0,0,0,0,0,0,0,0,0,0
Visalberghi et al. 2015,Tai,0,0,,0,NA,NA,hard hammers and used to strike nuts on anvils,P. troglodytes,Yes,0,0,0,0,0,0,0,0,0,0,0,0,0,1,0,1,0,0,0,0,0,0,0,0,0,0,0,0,0,0,0,0,0
Visalberghi et al. 2015,Fazenda Boa Vista,0,0,,0,NA,NA,hard hammers and used to strike nuts on anvils,S. libidinosus,Yes,0,0,0,0,0,0,0,0,0,0,0,0,0,1,0,1,0,0,0,0,0,0,0,0,0,0,0,0,0,0,0,0,0
Gumert and Malaivijitnond 2012,Lameson National Park,0,0,,0,NA,NA,hard hammers and used to crack crustaceans on a hard substrate,M. fascicularis aurea,Yes,0,0,0,0,0,0,0,0,0,0,0,0,0,1,0,1,0,0,0,0,0,0,0,0,0,0,0,0,0,0,0,0,0
Moore and Perston 2015,Spandrels experiment,0,0,,0,NA,NA,Acheulean handaxe no retouch invasive flaking.,,Yes,0,0,0,0,0,0,0,0,0,0,0,0,0,1,1,0,1,0,0,0,0,1,0,0,0,0,0,0,0,0,0,0,0
Moore and Perston 2015,Spandrels experiment,0,0,,0,NA,NA,Proto-levallois core convexities arguably shaped through centripetal removals but no facetting of platform/preparation. No retouch. ,,Yes,0,0,1,0,0,0,0,0,0,0,0,0,0,1,1,0,1,0,0,0,0,1,0,0,0,0,0,1,0,0,0,0,0
Roussell et al. 2016,Quincay cave,40,45,,1,46.65789566,0.254722053,Chatelperronian retouched bladelets from cores prepared by cresting some examples of distal convexities managed and core tablets. and debordantes,H. neanderthalensis,Yes,0,1,0,0,1,0,1,1,0,0,1,0,1,1,1,0,1,0,0,0,0,1,0,0,1,1,0,0,0,0,0,0,0
Otte 1990 and 1994,Rocourt,50,70,,1,50.66881222,5.4637326,Laminar flakes that are burinated and backed. produced through a recurrent blade production sequence with initial cresting lat convexity and distal convexity maintenance through debordantes. No sign of soft hammer or indirect hammer. ,H. neanderthalensis,Yes,0,1,0,0,0,0,1,1,1,0,0,0,0,1,1,0,1,0,0,0,0,1,0,0,1,1,0,1,0,0,0,0,0
Slimak 1999,Champ Grande,50,71,Slimak pers. comm. According to geological analyis.,1,45.92775906,4.035601641,Blades relying on initial shape of cobble with natural dihedral corner. shaping is slight some cresting to form corner better. Examples in fig. 8. 2 3 4. facetting performed. some bipolar percussion Slimak suggests is used to maintain distal convexity. Cautious in describing tablets as present. So no tablets. Soft hammer seems maybe but they don't say for sure present as far as I can tell. ,H. neanderthalensis,Yes,0,1,0,0,1,0,1,0,0,0,0,0,0,1,1,0,1,1,0,0,0,1,0,0,1,0,0,1,0,0,0,0,0
Slimak 1999,Champ Grande,50,71,Slimak pers. comm. According to geological analyis.,1,45.9690331,4.070768928,Whole assemblage,H. neanderthalensis,No,0,1,0,0,1,0,1,0,0,0,0,0,1,1,1,0,1,1,0,0,0,1,0,0,1,1,1,1,0,0,0,0,0
Leach and Leach 2019,Oterahua,0.72,1,,1,-45.43741707,170.6177714,Blade reduction at Oturehua,H. sapiens,No,0,0,0,0,1,0,0,1,0,0,1,0,0,1,0,0,1,0,0,0,0,1,0,0,1,0,0,0,0,0,0,0,0
Smith et al. 1996,Shag River Mouth,0.55,0.75,,1,-45.47619003,170.6064651,Whole assemblage,H. sapiens,No,0,1,0,0,1,0,1,1,0,1,1,0,0,1,1,1,1,1,0,0,1,1,0,0,1,1,1,1,0,0,1,0,0
Smith et al. 1996,Shag River Mouth,0.55,0.75,,1,-45.4102294,170.9063198,blade reduction bidirectional no cresting initiation and retouch of burinated blades,H. sapiens,yes,0,1,0,0,1,0,0,1,0,0,1,0,0,1,1,0,1,0,0,0,0,1,0,0,1,0,0,1,0,0,0,0,0
Walter and Green 2011,Su'ena,0.45,0.6,,1,-10.27114228,161.7078245,"Chert ""tranchet"" adzes",H. sapiens,yes,0,0,0,0,0,0,0,0,0,0,0,0,0,1,1,0,1,0,0,0,1,0,0,0,1,1,0,0,0,1,0,1,0
Walter and Green 2011,Su'ena,0.45,0.6,,1,-10.15690507,161.7352543,All includes chert adzes ad hoc rt on flakes mentions of blades but not description of features aside from prismatic cross section. ,H. sapiens,No,0,0,0,0,0,0,0,0,0,0,0,0,0,1,1,0,1,0,0,0,0,1,0,0,1,1,0,0,0,0,0,1,0
Nishiaki et al. 2013,Tepe Rahmatabad,7.7,8.7,,1,30.19194765,53.0139018,Whole assemblage,H. sapiens,No,0,1,0,0,1,0,1,0,0,0,1,0,1,1,1,1,1,0,0,1,0,1,0,0,1,1,1,1,0,0,0,0,0
Fredericksen 1994,Pamwak Rockshelter Phase II-IV,5,12.5,,1,-2.069788222,147.0604887,Whole assemblage,H. sapiens,No,0,0,0,0,0,0,0,0,0,0,0,1,0,1,1,1,1,0,0,0,1,1,0,0,1,1,0,0,0,0,0,0,0
Ariel-Shatil 2006,Sha'ar Hagolan,7,7.4,,1,32.64482491,35.58365776,Whole assemblage,H. sapiens,No,0,0,0,0,0,0,1,0,0,0,1,0,0,1,1,0,1,0,0,0,1,1,0,0,1,1,1,1,1,0,1,1,1
Paige 2022 and Stebbins 1986,NA 11047,0.7,0.9,Stebbins 1986,1,36.3752574,-110.6223062,Whole assemblage,H. sapiens,No,0,0,0,0,0,0,0,0,0,1,0,1,1,1,1,1,1,1,0,0,1,0,0,0,1,1,1,0,1,0,1,1,1
Paige 2022 and Stebbins 1986,NA 11057,0.7,0.9,Stebbins 1986,1,36.29618985,-110.8673513,Whole assemblage,H. sapiens,No,0,0,0,0,0,0,0,0,0,0,0,1,1,1,1,1,1,1,0,0,1,0,0,0,1,1,1,1,1,0,1,1,1
Allen et al. 2011,Oposisi,1.5,2,,1,-8.954870401,146.5382023,Whole assemblage,H. sapiens,No,0,0,0,0,0,0,0,0,0,0,0,0,0,1,1,1,1,0,0,0,1,0,0,0,1,0,0,0,0,0,0,0,0
Reepmeyer et al. 2010,Teouma,2.5,3.2,,1,-17.72622533,168.3689727,Whole assemblage,H. sapiens,No,0,0,0,0,0,0,0,0,0,0,0,0,0,1,1,1,1,0,0,0,0,0,0,0,1,1,1,0,0,0,0,0,0
David et al. 2019,Moiapu 3,2,2.55,marine20 applied to dates in davidMoiapuSettlementMoiapu2019,1,-9.468758225,147.0522272,Whole assemblage,H. sapiens,No,0,0,0,0,0,0,0,0,0,0,0,0,1,1,1,1,1,0,0,0,0,0,0,0,1,0,0,0,0,0,0,0,0
Leach and Leach 1980,Riverton adze quarry,0.5,0.7,intcal20 applied to dates in leachRivertonSiteArchaic1980,1,-46.39123184,167.9421856,Whole assemblage,H. sapiens,No,0,1,0,0,1,0,1,0,1,0,0,1,1,1,1,0,1,0,0,0,1,1,0,0,1,1,1,0,1,0,1,0,0
Wilson 1999,Cat's eye point,0.5,0.9,,1,-45.20887907,170.9396253,Whole assemblage,H. sapiens,No,0,1,0,0,1,0,0,0,1,0,0,0,0,1,1,1,1,0,0,0,1,1,0,0,1,0,0,0,1,0,0,0,0
Walling 1988,Little man 1,0.95,1,Dalley 1988,1,37.20733367,-113.3267555,Whole assemblage,H. sapiens,No,0,0,0,0,0,0,0,0,0,0,0,1,0,1,1,0,1,1,0,0,1,1,0,0,1,0,0,0,0,0,1,1,1
Walling 1988,Little man 2,0.95,1,Dalley 1988,1,37.23319534,-113.3433154,Whole assemblage,H. sapiens,No,0,0,0,0,0,0,0,0,0,0,0,1,0,1,1,0,1,1,0,0,1,1,0,0,1,1,1,0,1,0,1,1,1
Walling 1988,Little man 3,1,1.2,Dalley 1988,1,37.30866723,-113.3340594,Whole assemblage,H. sapiens,No,0,0,0,0,0,0,0,0,0,0,0,1,0,1,1,0,1,1,0,0,1,1,0,0,1,1,1,0,1,0,1,1,1
Walling 1988,Little man sites,0.5,1.2,Dalley 1988,1,37.21585701,-113.3484356,Whole assemblage,H. sapiens,No,0,0,0,0,0,0,0,0,0,0,0,1,0,1,1,0,1,1,0,0,1,1,0,0,1,1,1,0,1,0,1,1,1
Wambach 2014,Lava Ridge Ruin,0.8,0.95,,1,36.11729284,-113.520764,Whole assemblage,H. sapiens,No,1,0,0,0,0,0,0,0,0,0,0,1,0,1,1,1,1,1,0,0,1,0,0,0,1,1,1,0,1,0,1,1,1
Wambach 2014,Granary House,0.85,1,,1,36.12577857,-112.8672987,Whole assemblage,H. sapiens,No,1,0,0,0,0,0,0,0,0,0,0,1,0,1,1,0,1,1,0,0,1,0,0,0,1,0,1,0,1,0,1,1,1
Wambach 2014,Andrus Canyon,0.8,0.95,,1,36.04018514,-113.263393,Whole assemblage,H. sapiens,No,1,0,0,0,0,0,0,0,0,0,0,1,0,1,1,0,1,1,0,0,1,0,0,0,1,1,1,0,1,0,1,1,1
Wambach 2014,Corn Cob,0.7,0.8,,1,35.9686523,-113.5568294,Whole assemblage,H. sapiens,No,1,0,0,0,0,0,0,0,0,0,0,1,0,1,1,0,1,1,0,0,1,0,0,0,1,0,1,0,1,0,1,1,1
Wambach 2014,Coyote,0.7,0.8,,1,36.09615448,-113.7994754,Whole assemblage,H. sapiens,No,1,0,0,0,0,0,0,0,0,0,0,1,0,1,1,0,1,1,0,0,1,0,0,0,1,1,1,0,1,0,1,1,1
Wambach 2014,Site 232,0.85,1,,1,36.19533803,-113.5646307,Whole assemblage,H. sapiens,No,1,0,0,0,0,0,0,0,0,0,0,1,0,1,1,0,1,1,0,0,1,0,0,0,1,1,1,0,1,0,1,1,1
Wambach 2014,Peter's Pocket,0.85,1,,1,36.13949193,-113.5619907,Whole assemblage,H. sapiens,No,1,0,0,0,0,0,0,0,0,0,0,1,0,1,1,0,1,1,0,0,1,0,0,0,1,1,1,0,1,0,1,1,1
Wambach 2014,To'tsa,0.7,0.8,,1,36.19070148,-113.4157282,Whole assemblage,H. sapiens,No,1,0,0,0,0,0,0,0,0,0,0,1,0,1,1,0,1,1,0,0,1,0,0,0,1,1,1,0,1,0,1,1,1
Love-dePeyer 1980,5LP110 and 111,1.17,1.2,Gooding 1980,1,37.2966469,-107.8665943,Whole assemblage,H. sapiens,No,0,1,0,0,0,0,0,0,0,0,0,1,0,1,1,0,1,0,0,0,1,0,0,0,1,1,1,0,1,0,1,1,1
Araho et al. 2002,Willaumez Peninsula,3.5,6,,1,-5.066228157,150.0296767,Whole assemblage,H. sapiens,No,0,1,0,0,0,0,1,0,0,1,0,0,1,1,1,0,1,0,0,0,1,1,0,0,1,1,1,0,1,0,1,1,0
Araho et al. 2002,Willaumez Peninsula,3.5,6,,1,-5.198900938,150.0548634,Type 1. tools. Stemmed blades,H. sapiens,Yes,0,0,0,0,0,0,1,0,0,0,0,0,0,1,1,0,1,0,0,0,0,1,0,0,1,1,1,0,1,0,1,1,0
Araho et al. 2002,Willaumez Peninsula,3.5,6,,1,-5.127912458,150.0390031,Type 2. tools,H. sapiens,Yes,0,1,0,0,0,0,0,0,0,1,0,0,1,1,1,0,1,0,0,0,1,1,0,0,1,1,1,0,1,0,1,1,0
Paige 2022,AZ BB:2:19,0.5,0.7,Clark and Lyons 2012,1,32.84445889,-110.747183,Whole assemblage,H. sapiens,No,0,0,0,0,0,0,0,0,0,0,0,0,1,1,1,1,1,1,0,0,1,0,0,0,1,1,0,0,1,0,1,1,1
Paige 2022,AZ BB:11:26,0.57,0.7,Clark and Lyons 2012,1,32.44457936,-110.4378275,Whole assemblage,H. sapiens,No,0,0,0,0,0,0,0,0,0,0,0,1,1,1,1,1,1,1,0,0,1,0,0,0,1,1,0,1,1,0,1,1,1
Paige 2022,AZ BB:11:36,0.57,0.7,Clark and Lyons 2012,1,32.41979138,-110.4541953,Whole assemblage,H. sapiens,No,0,0,0,0,0,0,0,0,0,0,0,0,0,1,1,1,1,0,0,0,1,0,0,0,1,0,0,0,1,0,1,1,1
Paige 2022,AS.13.41 XU-4,1,2.7,Quintus et al. 2016,1,-14.21739352,-169.1939977,Whole assemblage,H. sapiens,No,0,1,0,0,0,0,1,0,0,0,0,1,1,1,1,1,1,1,0,0,1,0,0,0,0,0,0,0,0,0,0,0,0
Paige 2022,Pitcairn sites,0.3,0.6,Paige 2022,1,-25.09617912,-130.0914669,Whole assemblage,H. sapiens,No,0,1,0,1,1,0,1,0,1,1,1,1,1,1,1,1,1,1,1,0,1,1,0,0,1,1,1,1,1,1,1,1,0
Lindeman 1995 and Adams 1995,Pyramid Point V:5:1,0.6,0.7,table 1.1,1,33.59035942,-111.0002145,Whole assemblage,H. sapiens,No,0,0,0,0,0,0,0,0,0,0,0,0,0,1,1,0,1,0,0,0,1,0,0,0,1,1,1,0,1,0,1,1,1
Lindeman 1995 and Adams 1995,Meddler Point V:5:4,0.65,1.2,table 1.1,1,33.57648276,-110.9698054,Whole assemblage,H. sapiens,No,0,0,0,0,0,0,0,0,0,0,0,0,0,1,1,1,1,0,0,0,1,0,0,0,1,1,1,0,1,0,1,1,1
Lindeman 1995 and Adams 1995,Griffin Wash B V:5:90,0.65,0.7,table 1.1,1,33.72548968,-110.9813637,Whole assemblage,H. sapiens,No,0,0,0,0,0,0,0,0,0,0,0,0,0,1,1,0,1,0,0,0,1,0,0,0,1,1,1,0,1,0,1,1,1
Lindeman 1995 and Adams 1995,Griffin Wash A V:5:90,0.6,0.7,table 1.1,1,33.61906597,-111.0287902,Whole assemblage,H. sapiens,No,0,0,0,0,0,0,0,0,0,0,0,0,0,1,1,0,1,0,0,0,1,0,0,0,1,1,1,0,1,0,1,1,1
Lindeman 1995 and Adams 1995,Hedge Apple V:5:189,1.1,1.2,table 1.1,1,33.64660929,-110.9703153,Whole assemblage,H. sapiens,No,0,0,0,0,0,0,0,0,0,0,0,0,0,1,1,0,1,0,0,0,1,0,0,0,1,1,1,0,1,0,1,1,1
Lindeman 1995 and Adams 1995,Eagle Ridge A V:5:104,0.6,1,table 1.1,1,33.5696821,-110.9490873,Whole assemblage,H. sapiens,No,0,0,0,0,0,0,0,0,0,0,0,0,0,1,1,0,1,0,0,0,1,0,0,0,1,1,1,0,1,0,1,1,1
Lindeman 1995 and Adams 1995,Eagle Ridge B V:5:104,1.45,1.85,table 1.1,1,33.69222694,-110.9448023,Whole assemblage,H. sapiens,No,0,0,0,0,0,0,0,0,0,0,0,0,0,1,1,1,1,0,0,0,1,0,0,0,1,1,1,0,1,0,1,1,1
Lindeman 1995 and Adams 1995,Porcupine Site V:5:106,0.65,0.7,table 1.1,1,33.51582379,-110.9662244,Whole assemblage,H. sapiens,No,0,0,0,0,0,0,0,0,0,0,0,0,0,1,1,0,1,0,0,0,1,0,0,0,1,0,0,0,1,0,1,1,1
Gaffney et al. 2015,Kiowa levels 10-12,10.2,12.5,table 1.,1,-5.982546182,145.1476956,Whole assemblage,H. sapiens,No,0,0,0,0,0,0,0,0,0,0,0,0,0,1,1,1,1,0,0,0,0,0,0,0,1,0,0,0,0,0,0,0,0
Gaffney et al. 2015,Kiowa levels 2-6,5.3,7.1,table 1.,1,-6.005944628,145.157655,Whole assemblage,H. sapiens,No,0,0,0,0,0,0,0,0,0,0,0,1,0,1,1,1,1,0,0,0,1,0,0,0,1,0,1,0,1,0,0,0,0
Sheppard 1993,Reef Island Sites,2.8,3.3,p. 123,1,-10.31473545,166.3144483,Whole assemblage,H. sapiens,No,0,0,0,0,0,0,0,0,0,0,1,0,1,1,1,1,1,0,0,0,0,1,0,0,1,1,1,0,0,0,0,0,0
Snyder et al. 2022,ZLS flaking study,NA,NA,NA,0,NA,NA,Passive hammer no rotation,H. sapiens,Yes,0,0,0,0,0,0,0,0,0,0,0,0,0,1,0,0,0,0,0,0,0,0,0,0,0,0,0,0,0,0,0,0,0
Snyder et al. 2022,ZLS flaking study,NA,NA,NA,0,NA,NA,Bipolar percussion no rotation,H. sapiens,Yes,0,0,0,0,0,0,0,0,0,0,0,0,0,1,0,1,0,0,0,0,0,0,0,0,0,0,0,0,0,0,0,0,0
Snyder et al. 2022,ZLS flaking study,NA,NA,NA,0,NA,NA,Freehand percussion with rotation,H. sapiens,Yes,0,0,0,0,0,0,0,0,0,0,0,0,0,1,0,1,1,0,0,0,0,0,0,0,0,0,0,0,0,0,0,0,0
